{
    "clip_id": "e3ff6393-4f01-475d-9fa5-4042d7e60548",
    "timestamp": 1770657164.0270996,
    "duration": 9.033333333333333,
    "trigger_level": "THREAT",
    "final_level": "THREAT",
    "max_intent": 0.7999990448550967,
    "weapon_detected": true,
    "summary": "The event was triggered by a man approaching the property while visibly carrying a handgun. The individual, dressed in a light jacket and dark pants, walked directly to the front door, clearly holding a dark-colored handgun in his right hand, pointed downwards. He did not display overt aggression such as shouting or brandishing the weapon prior to entry, but his deliberate approach and subsequent entry into the residence while armed are significant intent cues. This appears to be a genuine threat due to the confirmed presence of a weapon and the individual's actions of entering the property while armed.",
    "signals_stats": {
        "weapon_score": {
            "mean": 0.006870418017200878,
            "max": 0.620627760887146
        },
        "presence_s": {
            "mean": 3.116663694381714,
            "max": 6.199994087219238
        },
        "net_disp": {
            "mean": 0.0847186961577096,
            "max": 0.14833094933599839
        },
        "motion_E": {
            "mean": 0.0844378684786752,
            "max": 0.2914360320370024
        },
        "velocity": {
            "mean": 0.08443786847867521,
            "max": 0.29143603203700247
        },
        "head_yaw_rate": {
            "mean": 0.001276556898459075,
            "max": 0.004551477821517608
        },
        "head_osc": {
            "mean": 0.0,
            "max": 0.0
        },
        "head_down": {
            "mean": 0.0,
            "max": 0.0
        },
        "dir_flip": {
            "mean": 0.8494623655913979,
            "max": 2.0
        },
        "osc_energy": {
            "mean": 0.2985504154707451,
            "max": 0.5
        },
        "stop_go": {
            "mean": 0.9193548387096774,
            "max": 6.0
        },
        "hand_fidget": {
            "mean": 0.005663187113468786,
            "max": 0.01668062362140924
        },
        "movinet_pressure": {
            "mean": 0.014415852521500095,
            "max": 0.2800374619278747
        },
        "loitering_score": {
            "mean": 0.366881720430107,
            "max": 1.0
        },
        "loitering_time": {
            "mean": 5.021684587813618,
            "max": 9.299999999999986
        },
        "loitering_radius": {
            "mean": 0.0847186961577096,
            "max": 0.14833094933599839
        },
        "weapon_confirmed": {
            "mean": 0.6935483870967742,
            "max": true
        },
        "weapon_cooldown": {
            "mean": 12.391399260490171,
            "max": 20.0
        }
    }
}